create table filmy(id_filmu int, tytul varchar(40), rok_produkcji int, cena real);
create table kopie(id_kopii int, id_filmu int, czy_dostepna char(1));
create table klienci(id_klienta int, imie varchar(20), nazwisko varchar(20));
create table wypozyczenia(id_klienta int, id_kopii int, data_wypozyczenia date, data_zwrotu date);
create table aktorzy(id_aktora int, imie varchar(20), nazwisko varchar(20));
create table obsada(id_aktora int, id_filmu int);
create table pracownicy (id_pracownika int unique, imie varchar(20), nazwisko varchar(20), miasto varchar(20), pensja real);

  insert into pracownicy values (1, 'John', 'Smith', 'New York', 150);
insert into pracownicy values (2, 'Ben', 'Johnson', 'New York', 250);
insert into pracownicy values (3, 'Louis', 'Armstrong', 'New Orleans', 75);
insert into pracownicy values (4, 'John', 'Lennon', 'London', 300);
insert into pracownicy values (5, 'Peter', 'Gabriel', 'London', 100);
insert into filmy values (1,'Wesele',2004, 10);
insert into filmy values (2,'Ghostbusters',1984, 5.5);
insert into filmy values (3,'Terminator',1984, 8.5);
insert into filmy values (4,'Taksowkarz', 1976, 5);
insert into filmy values (5,'Pluton',1986, 5);
insert into filmy values (6,'Frantic',1988, 8.5);
insert into filmy values (7,'Ronin',1998, 9.5);
insert into filmy values (8,'Depresja gangstera',1999, 10.5);
insert into filmy values (9,'Leon zawodowiec',1994, 8.5);
insert into filmy values (10,'Mission Impossible',1996, 8.5);

  insert into aktorzy values (1,'Arnold','Schwarzenegger');
insert into aktorzy values (2,'Tamara', 'Arciuch');
insert into aktorzy values (3,'Pawel', 'Wilczak');
insert into aktorzy values (4,'Maciej', 'Stuhr');
insert into aktorzy values (5,'Ryszard', 'Tymon Tymanski');
insert into aktorzy values (6,'Jerzy', 'Rogalski');
insert into aktorzy values (7,'Lech', 'Dyblik');
insert into aktorzy values (8,'Marian', 'Dziedziel');
insert into aktorzy values (9,'Michael', 'Biehn');
insert into aktorzy values (10,'Linda', 'Hamilton');
insert into aktorzy values (11,'Bill', 'Murray');
insert into aktorzy values (12,'Dan', 'Aykroyd');
insert into aktorzy values (13,'Sigourney', 'Weaver');
insert into aktorzy values (14,'Robert', 'De Niro');
insert into aktorzy values (15,'Jodie', 'Foster');
insert into aktorzy values (16,'Harvey', 'Keitel');
insert into aktorzy values (17,'Cybill', 'Shepherd');
insert into aktorzy values (18,'Tom', 'Berenger');
insert into aktorzy values (19,'Willem', 'Dafoe');
insert into aktorzy values (20,'Charlie', 'Sheen');
insert into aktorzy values (21,'Harrison', 'Ford');
insert into aktorzy values (22,'Emmanuelle', 'Seigner');
insert into aktorzy values (23,'Jean', 'Reno');
insert into aktorzy values (24,'Billy', 'Crystal');
insert into aktorzy values (25,'Lisa', 'Kudrow');
insert into aktorzy values (26,'Gary', 'Oldman');
insert into aktorzy values (27,'Natalie', 'Portman');
insert into aktorzy values (28,'Tom', 'Cruise');

  insert into obsada values (2, 1);
insert into obsada values (3, 1);
insert into obsada values (4, 1);
insert into obsada values (5, 1);
insert into obsada values (6, 1);
insert into obsada values (7, 1);
insert into obsada values (8, 1);
insert into obsada values (1, 3);
insert into obsada values (9, 3);
insert into obsada values (10,3);
insert into obsada values (11,2);
insert into obsada values (12,2);
insert into obsada values (13,2);
insert into obsada values (14,4);
insert into obsada values (15,4);
insert into obsada values (16,4);
insert into obsada values (17,4);
insert into obsada values (18,5);
insert into obsada values (19,5);
insert into obsada values (20,5);
insert into obsada values (21,6);
insert into obsada values (22,6);
insert into obsada values (14,7);
insert into obsada values (23,7);
insert into obsada values (14,8);
insert into obsada values (24,8);
insert into obsada values (25,8);
insert into obsada values (23,9);
insert into obsada values (26,9);
insert into obsada values (27,9);
insert into obsada values (23,10);
insert into obsada values (28,10);
insert into kopie values (1,1,'T');
insert into kopie values (2,1,'N');
insert into kopie values (3,2,'T');
insert into kopie values (4,3,'T');
insert into kopie values (5,3,'N');
insert into kopie values (6,3,'T');
insert into kopie values (7,4,'T');
insert into kopie values (8,5,'N');
insert into kopie values (9,6,'T');
insert into kopie values (10,6,'N');
insert into kopie values (11,6,'T');
insert into kopie values (12,7,'T');
insert into kopie values (13,7,'T');
insert into kopie values (14,8,'N');
insert into kopie values (15,9,'T');
insert into kopie values (16,10,'T');
insert into kopie values (17,10,'N');
insert into kopie values (18,10,'T');
insert into kopie values (19,10,'T');
insert into kopie values (20,10,'T');
insert into klienci values (1,'Jan','Kowalski');
insert into klienci values (2,'Anna','Nowak');
insert into klienci values (3,'Arnold', 'Zielinski');
insert into klienci values (4,'Pawel', 'Lis');
insert into klienci values (5,'Maciej', 'Wojciechowski');
insert into klienci values (6,'Jan', 'Glinnicki');
insert into wypozyczenia values (1,1, '2005-07-04','2005-07-05');
insert into wypozyczenia values (1,6, '2005-07-19','2005-07-22');
insert into wypozyczenia values (2,3, '2005-07-24','2005-07-25');
insert into wypozyczenia values (2,5, '2005-07-26','2005-07-27');
insert into wypozyczenia values (2,7, '2005-07-29','2005-07-30');
insert into wypozyczenia values (3,12,'2005-07-10','2005-07-13');
insert into wypozyczenia values (3,20,'2005-07-16','2005-07-17');
insert into wypozyczenia values (3,3, '2005-07-22','2005-07-23');
insert into wypozyczenia values (3,7, '2005-07-24','2005-07-25');
insert into wypozyczenia values (4,13,'2005-07-01','2005-07-05');
insert into wypozyczenia values (5,11,'2005-07-10','2005-07-13');
insert into wypozyczenia values (6,1, '2005-07-06','2005-07-07');
insert into wypozyczenia values (6,7, '2005-07-29','2005-07-30');
insert into wypozyczenia values (6,19,'2005-07-29','2005-07-30');
